Time,header.seq,header.stamp.secs,header.stamp.nsecs,header.frame_id,rotation_0,rotation_1,rotation_2,rotation_3,rotation_4,rotation_5,rotation_6,rotation_7,rotation_8,translation_0,translation_1,translation_2
1607014587.599894,0,0,0,depth_to_color_extrinsics,0.9999976754188538,0.0006706009735353291,-0.0020568084437400103,-0.0006769719184376299,0.9999949932098389,-0.0030983726028352976,0.0020547204185277224,0.0030997577123343945,0.999993085861206,0.01484887208789587,0.00015719440125394613,-3.1761223908688407e-06
